EventId,EventTemplate
fc89114a,Component State Change: Component \042SCSI-WWID:01000010:6005-08b4-0001-00c6-0006-3000-003d-0000\042 is in the unavailable state (HWID<*>)
181e8923,Component State Change: Component \042alt0\042 is in the unavailable state (HWID<*>)
181e8923,Component State Change: Component \042alt0\042 is in the unavailable state (HWID<*>)
181e8923,Component State Change: Component \042alt0\042 is in the unavailable state (HWID<*>)
181e8923,Component State Change: Component \042alt0\042 is in the unavailable state (HWID<*>)
181e8923,Component State Change: Component \042alt0\042 is in the unavailable state (HWID<*>)
181e8923,Component State Change: Component \042alt0\042 is in the unavailable state (HWID<*>)
181e8923,Component State Change: Component \042alt0\042 is in the unavailable state (HWID<*>)
181e8923,Component State Change: Component \042alt0\042 is in the unavailable state (HWID<*>)
181e8923,Component State Change: Component \042alt0\042 is in the unavailable state (HWID<*>)
181e8923,Component State Change: Component \042alt0\042 is in the unavailable state (HWID<*>)
181e8923,Component State Change: Component \042alt0\042 is in the unavailable state (HWID<*>)
41a58737,clusterAddMember (command <*>
41a58737,clusterAddMember (command <*>
3595c0ec,risBoot  (command 1903)
434dabce,bootGenvmunix  (command 1903)
509c33ba,boot  (command 1911)
7bef4daa,boot  (command 1910)
2c26fa83,boot  (command 1978)
91df97eb,boot  (command 1967)
22de812a,wait  (command 1975)
c81888d5,boot  (command 1999)
070e6083,halt  (command 1982)
ded3dbc5,boot  (command 1981)
99181771,boot  (command 1973)
9e84b1f9,wait  (command 1973)
dacb3f70,wait  (command 2057)
f7b5247a,boot  (command 2152)
b9a83b36,wait  (command 2154)
083fa6ed,boot  (command 2141)
f6935511,boot  (command 2110)
910be4ec,boot  (command 2160)
533d10a1,halt  (command 2221)
9ce2b421,wait (command 2217)
9ce2b421,wait (command 2217)
5c4a96e6,wait  (command 2201)
5f157a91,wait  (command 2199)
fef5dc2b,boot  (command 2183)
825c3117,wait  (command 2189)
ef4c6c48,wait  (command 2302)
8d8f1182,wait  (command 2270)
bd6d531a,wait  (command 2257)
c8a5284e,boot  (command 2257)
f8b73a77,boot (command 2316)
f8b73a77,boot (command 2316)
471963ee,wait  (command 2322)
1d36e525,wait  (command 2354)
0b818979,wait  (command 2347)
28e2f1c8,boot  (command 2368)
3a28fc5f,boot  (command 2392)
7a3fb03b,boot  (command 2406)
904fd7c8,boot  (command 2417)
765d0784,boot  (command 2423)
534ff2ed,wait  (command 2424)
a1bbea82,wait  (command 2449)
20e7bc9f,boot  (command 2464)
410f1c1a,wait  (command 2468)
536428d0,boot  (command 2520)
7a60d74c,wait  (command 2517)
e8d91213,boot  (command 2517)
bc649278,wait  (command 2511)
14d533e6,wait  (command 2513)
92c9d017,boot  (command 2514)
22987f4f,wait  (command 2484)
754ee40e,boot  (command 2625)
06e4d060,wait  (command 2607)
7a9285cd,boot (command 2616)
5661356d,boot  (command 2619)
7a9285cd,boot (command 2616)
7a9285cd,boot (command 2616)
7b2af74d,boot  (command 2602)
69098554,wait  (command 2582)
b32e343e,boot  (command 2584)
8d2aefbc,wait  (command 2549)
988b6cac,boot  (command 2550)
2b00cbe1,boot  (command 2548)
5398f53f,boot  (command 2538)
6edea01b,wait  (command 2683)
0ae9a95f,boot  (command 2686)
61af5cb4,wait  (command 2682)
61a3c634,wait  (command 2763)
03d85c06,wait  (command 2800)
59659723,boot  (command 2790)
00c76a77,wait (command 2817)
0c6f52df,wait  (command 2823)
00c76a77,wait (command 2817)
3dc9a4db,wait  (command 2900)
eca19063,wait  (command 2885)
c734ba09,wait  (command 2909)
3603a290,boot  (command 2960)
95af68c7,wait  (command 2963)
b546367c,boot  (command 2999)
338b54f2,halt  (command 2992)
c2b02f31,wait  (command 3087)
4657eb66,wait  (command 3079)
bdf5bba3,wait  (command 3078)
c985149d,wait  (command 3141)
7e612a1e,boot  (command 3138)
e112be7f,boot (command 3169)
e112be7f,boot (command 3169)
8e06c104,boot  (command 3194)
94663214,boot  (command 3320)
478612d2,boot  (command 3318)
73e52298,boot  (command 3317)
458038a6,wait  (command 3319)
94e5ecb4,wait  (command 3334)
5e6c1213,boot  (command 3334)
6cc30785,wait  (command 3412)
b9bf7028,boot  (command 3413)
59103ad6,boot  (command 3473)
7feeb063,wait  (command 3523)
f9718853,wait  (command 3525)
dd1a7c6e,wait  (command 3519)
aefa5855,boot  (command 3519)
51f40614,boot  (command 3512)
f66ddd89,boot  (command 3579)
a56e3318,boot  (command 3572)
940e54a9,boot  (command 3580)
9bce771b,wait  (command 3612)
4b1836e0,boot  (command 3615)
c4764627,wait  (command 3609)
962ca8fd,boot  (command 3624)
202a90b7,wait  (command 3649)
6c305525,boot  (command 3639)
315cedce,wait  (command 3690)
a8508172,boot  (command 3696)
a068dd40,wait  (command 3698)
87ce1590,wait  (command 3709)
c305f687,wait  (command 3837)
da7a97eb,wait  (command 3847)
612bcf28,boot  (command 3951)
074fefec,boot  (command 3928)
1d25c3c7,boot  (command 3939)
bdc1cc4e,boot  (command 3964)
1defcc95,wait  (command 3973)
7c8434ee,wait (command 3981)
7c8434ee,wait (command 3981)
67209b64,boot  (command 4024)
c6f67c91,wait  (command 4061)
80fb2a9e,wait  (command 4110)
e24a2160,boot  (command 4118)
22e9bbab,wait  (command 4116)
5e016acb,wait  (command 4117)
f2531e89,boot  (command 4109)
c21d573b,wait  (command 4145)
8116647d,boot  (command 4176)
744ffa26,boot  (command 4170)
f194a4c3,wait (command 4176)
f194a4c3,wait (command 4176)
6a564415,bootGenvmunix  (command 4185)
d2427058,boot  (command 4223)
07cbf0c0,wait  (command 4221)
a3e1f535,wait  (command 4219)
45fe98e6,Command has completed successfully
45fe98e6,Command has completed successfully
45fe98e6,Command has completed successfully
45fe98e6,Command has completed successfully
45fe98e6,Command has completed successfully
45fe98e6,Command has completed successfully
45fe98e6,Command has completed successfully
45fe98e6,Command has completed successfully
45fe98e6,Command has completed successfully
45fe98e6,Command has completed successfully
ad4ac20a,Targeting <*> and <*> child of command <*>
ad4ac20a,Targeting <*> and <*> child of command <*>
87136404,Targeting domains:node-D7 and nodes:node-[224\ 228\ 232]
ad4ac20a,Targeting <*> and <*> child of command <*>
ad4ac20a,Targeting <*> and <*> child of command <*>
84641715,Targeting <*> and <*>
16bdc59a,Targeting domains:node-D[0\ 5] and nodes:node-[27\ 191]
ad4ac20a,Targeting <*> and <*> child of command <*>
84641715,Targeting <*> and <*>
9a772a5d,psu failure\ ambient<*>
9a772a5d,psu failure\ ambient<*>
9a772a5d,psu failure\ ambient<*>
9a772a5d,psu failure\ ambient<*>
9a772a5d,psu failure\ ambient<*>
faa03835,Temperature (41C) exceeds warning threshold
faa03835,Temperature (41C) exceeds warning threshold
fc297f9c,ClusterFileSystem: There is no server for ServerFileSystem domain <*>
fc297f9c,ClusterFileSystem: There is no server for ServerFileSystem domain <*>
fc297f9c,ClusterFileSystem: There is no server for ServerFileSystem domain <*>
fc297f9c,ClusterFileSystem: There is no server for ServerFileSystem domain <*>
fc297f9c,ClusterFileSystem: There is no server for ServerFileSystem domain <*>
fc297f9c,ClusterFileSystem: There is no server for ServerFileSystem domain <*>
fc297f9c,ClusterFileSystem: There is no server for ServerFileSystem domain <*>
fc297f9c,ClusterFileSystem: There is no server for ServerFileSystem domain <*>
fc297f9c,ClusterFileSystem: There is no server for ServerFileSystem domain <*>
fc297f9c,ClusterFileSystem: There is no server for ServerFileSystem domain <*>
fc297f9c,ClusterFileSystem: There is no server for ServerFileSystem domain <*>
fc297f9c,ClusterFileSystem: There is no server for ServerFileSystem domain <*>
fc297f9c,ClusterFileSystem: There is no server for ServerFileSystem domain <*>
fc297f9c,ClusterFileSystem: There is no server for ServerFileSystem domain <*>
fc297f9c,ClusterFileSystem: There is no server for ServerFileSystem domain <*>
fc297f9c,ClusterFileSystem: There is no server for ServerFileSystem domain <*>
fc297f9c,ClusterFileSystem: There is no server for ServerFileSystem domain <*>
fc297f9c,ClusterFileSystem: There is no server for ServerFileSystem domain <*>
fc297f9c,ClusterFileSystem: There is no server for ServerFileSystem domain <*>
fc297f9c,ClusterFileSystem: There is no server for ServerFileSystem domain <*>
fc297f9c,ClusterFileSystem: There is no server for ServerFileSystem domain <*>
fc297f9c,ClusterFileSystem: There is no server for ServerFileSystem domain <*>
fc297f9c,ClusterFileSystem: There is no server for ServerFileSystem domain <*>
fc297f9c,ClusterFileSystem: There is no server for ServerFileSystem domain <*>
fc297f9c,ClusterFileSystem: There is no server for ServerFileSystem domain <*>
fc297f9c,ClusterFileSystem: There is no server for ServerFileSystem domain <*>
fc297f9c,ClusterFileSystem: There is no server for ServerFileSystem domain <*>
fc297f9c,ClusterFileSystem: There is no server for ServerFileSystem domain <*>
fc297f9c,ClusterFileSystem: There is no server for ServerFileSystem domain <*>
fc297f9c,ClusterFileSystem: There is no server for ServerFileSystem domain <*>
fc297f9c,ClusterFileSystem: There is no server for ServerFileSystem domain <*>
fc297f9c,ClusterFileSystem: There is no server for ServerFileSystem domain <*>
b3dde8e3,NIFF: node <*> detected a failed network connection on network 5.5.224.0 via interface alt0
b3dde8e3,NIFF: node <*> detected a failed network connection on network 5.5.224.0 via interface alt0
f5c6cc67,ServerFileSystem: An ServerFileSystem domain panic has occurred on storage442
e104f649,Fan speeds ( 3552 <*> <*> <*> 3515 <*> )
e104f649,Fan speeds ( 3552 <*> <*> <*> 3515 <*> )
e104f649,Fan speeds ( 3552 <*> <*> <*> 3515 <*> )
e104f649,Fan speeds ( 3552 <*> <*> <*> 3515 <*> )
e104f649,Fan speeds ( 3552 <*> <*> <*> 3515 <*> )
e104f649,Fan speeds ( 3552 <*> <*> <*> 3515 <*> )
e104f649,Fan speeds ( 3552 <*> <*> <*> 3515 <*> )
e104f649,Fan speeds ( 3552 <*> <*> <*> 3515 <*> )
e104f649,Fan speeds ( 3552 <*> <*> <*> 3515 <*> )
e104f649,Fan speeds ( 3552 <*> <*> <*> 3515 <*> )
e104f649,Fan speeds ( 3552 <*> <*> <*> 3515 <*> )
e104f649,Fan speeds ( 3552 <*> <*> <*> 3515 <*> )
e104f649,Fan speeds ( 3552 <*> <*> <*> 3515 <*> )
e104f649,Fan speeds ( 3552 <*> <*> <*> 3515 <*> )
e104f649,Fan speeds ( 3552 <*> <*> <*> 3515 <*> )
e104f649,Fan speeds ( 3552 <*> <*> <*> 3515 <*> )
e104f649,Fan speeds ( 3552 <*> <*> <*> 3515 <*> )
e104f649,Fan speeds ( 3552 <*> <*> <*> 3515 <*> )
e104f649,Fan speeds ( 3552 <*> <*> <*> 3515 <*> )
e104f649,Fan speeds ( 3552 <*> <*> <*> 3515 <*> )
e104f649,Fan speeds ( 3552 <*> <*> <*> 3515 <*> )
e104f649,Fan speeds ( 3552 <*> <*> <*> 3515 <*> )
e104f649,Fan speeds ( 3552 <*> <*> <*> 3515 <*> )
e104f649,Fan speeds ( 3552 <*> <*> <*> 3515 <*> )
e104f649,Fan speeds ( 3552 <*> <*> <*> 3515 <*> )
e104f649,Fan speeds ( 3552 <*> <*> <*> 3515 <*> )
e104f649,Fan speeds ( 3552 <*> <*> <*> 3515 <*> )
e104f649,Fan speeds ( 3552 <*> <*> <*> 3515 <*> )
e104f649,Fan speeds ( 3552 <*> <*> <*> 3515 <*> )
e104f649,Fan speeds ( 3552 <*> <*> <*> 3515 <*> )
e104f649,Fan speeds ( 3552 <*> <*> <*> 3515 <*> )
e104f649,Fan speeds ( 3552 <*> <*> <*> 3515 <*> )
e104f649,Fan speeds ( 3552 <*> <*> <*> 3515 <*> )
e104f649,Fan speeds ( 3552 <*> <*> <*> 3515 <*> )
e104f649,Fan speeds ( 3552 <*> <*> <*> 3515 <*> )
e104f649,Fan speeds ( 3552 <*> <*> <*> 3515 <*> )
e104f649,Fan speeds ( 3552 <*> <*> <*> 3515 <*> )
e104f649,Fan speeds ( 3552 <*> <*> <*> 3515 <*> )
e104f649,Fan speeds ( 3552 <*> <*> <*> 3515 <*> )
e104f649,Fan speeds ( 3552 <*> <*> <*> 3515 <*> )
e104f649,Fan speeds ( 3552 <*> <*> <*> 3515 <*> )
e104f649,Fan speeds ( 3552 <*> <*> <*> 3515 <*> )
e104f649,Fan speeds ( 3552 <*> <*> <*> 3515 <*> )
e104f649,Fan speeds ( 3552 <*> <*> <*> 3515 <*> )
e104f649,Fan speeds ( 3552 <*> <*> <*> 3515 <*> )
e104f649,Fan speeds ( 3552 <*> <*> <*> 3515 <*> )
e104f649,Fan speeds ( 3552 <*> <*> <*> 3515 <*> )
e104f649,Fan speeds ( 3552 <*> <*> <*> 3515 <*> )
e104f649,Fan speeds ( 3552 <*> <*> <*> 3515 <*> )
e104f649,Fan speeds ( 3552 <*> <*> <*> 3515 <*> )
e104f649,Fan speeds ( 3552 <*> <*> <*> 3515 <*> )
e104f649,Fan speeds ( 3552 <*> <*> <*> 3515 <*> )
e104f649,Fan speeds ( 3552 <*> <*> <*> 3515 <*> )
e104f649,Fan speeds ( 3552 <*> <*> <*> 3515 <*> )
e104f649,Fan speeds ( 3552 <*> <*> <*> 3515 <*> )
e104f649,Fan speeds ( 3552 <*> <*> <*> 3515 <*> )
e104f649,Fan speeds ( 3552 <*> <*> <*> 3515 <*> )
e104f649,Fan speeds ( 3552 <*> <*> <*> 3515 <*> )
e104f649,Fan speeds ( 3552 <*> <*> <*> 3515 <*> )
e104f649,Fan speeds ( 3552 <*> <*> <*> 3515 <*> )
e104f649,Fan speeds ( 3552 <*> <*> <*> 3515 <*> )
e104f649,Fan speeds ( 3552 <*> <*> <*> 3515 <*> )
e104f649,Fan speeds ( 3552 <*> <*> <*> 3515 <*> )
e104f649,Fan speeds ( 3552 <*> <*> <*> 3515 <*> )
e104f649,Fan speeds ( 3552 <*> <*> <*> 3515 <*> )
e104f649,Fan speeds ( 3552 <*> <*> <*> 3515 <*> )
e104f649,Fan speeds ( 3552 <*> <*> <*> 3515 <*> )
e104f649,Fan speeds ( 3552 <*> <*> <*> 3515 <*> )
e104f649,Fan speeds ( 3552 <*> <*> <*> 3515 <*> )
e104f649,Fan speeds ( 3552 <*> <*> <*> 3515 <*> )
e104f649,Fan speeds ( 3552 <*> <*> <*> 3515 <*> )
e104f649,Fan speeds ( 3552 <*> <*> <*> 3515 <*> )
e104f649,Fan speeds ( 3552 <*> <*> <*> 3515 <*> )
e104f649,Fan speeds ( 3552 <*> <*> <*> 3515 <*> )
e104f649,Fan speeds ( 3552 <*> <*> <*> 3515 <*> )
e104f649,Fan speeds ( 3552 <*> <*> <*> 3515 <*> )
e104f649,Fan speeds ( 3552 <*> <*> <*> 3515 <*> )
2effec1e,Fan speeds ( 3534 3534 3375 <*> 3497 3479 )
2effec1e,Fan speeds ( 3534 3534 3375 <*> 3497 3479 )
2effec1e,Fan speeds ( 3534 3534 3375 <*> 3497 3479 )
2effec1e,Fan speeds ( 3534 3534 3375 <*> 3497 3479 )
2effec1e,Fan speeds ( 3534 3534 3375 <*> 3497 3479 )
2effec1e,Fan speeds ( 3534 3534 3375 <*> 3497 3479 )
2effec1e,Fan speeds ( 3534 3534 3375 <*> 3497 3479 )
2effec1e,Fan speeds ( 3534 3534 3375 <*> 3497 3479 )
2effec1e,Fan speeds ( 3534 3534 3375 <*> 3497 3479 )
2effec1e,Fan speeds ( 3534 3534 3375 <*> 3497 3479 )
2effec1e,Fan speeds ( 3534 3534 3375 <*> 3497 3479 )
2effec1e,Fan speeds ( 3534 3534 3375 <*> 3497 3479 )
2effec1e,Fan speeds ( 3534 3534 3375 <*> 3497 3479 )
6723f984,Command has been aborted
a7d1db7e,power/control problem
3848c830,Link error
3848c830,Link error
3848c830,Link error
3848c830,Link error
a22bcddc,Link in reset
3848c830,Link error
3848c830,Link error
3848c830,Link error
3848c830,Link error
3848c830,Link error
a22bcddc,Link in reset
1ef9379e,Link ok
a2021f05,Link error on broadcast tree <*>
a2021f05,Link error on broadcast tree <*>
a2021f05,Link error on broadcast tree <*>
a2021f05,Link error on broadcast tree <*>
a30deca0,ServerFileSystem: ServerFileSystem domain <*> is full
a30deca0,ServerFileSystem: ServerFileSystem domain <*> is full
a30deca0,ServerFileSystem: ServerFileSystem domain <*> is full
a30deca0,ServerFileSystem: ServerFileSystem domain <*> is full
a30deca0,ServerFileSystem: ServerFileSystem domain <*> is full
a30deca0,ServerFileSystem: ServerFileSystem domain <*> is full
a30deca0,ServerFileSystem: ServerFileSystem domain <*> is full
a30deca0,ServerFileSystem: ServerFileSystem domain <*> is full
a30deca0,ServerFileSystem: ServerFileSystem domain <*> is full
a30deca0,ServerFileSystem: ServerFileSystem domain <*> is full
a30deca0,ServerFileSystem: ServerFileSystem domain <*> is full
a30deca0,ServerFileSystem: ServerFileSystem domain <*> is full
f8f01deb,ClusterFileSystem: ServerFileSystem domain <*> is no longer served by node <*>
f8f01deb,ClusterFileSystem: ServerFileSystem domain <*> is no longer served by node <*>
f8f01deb,ClusterFileSystem: ServerFileSystem domain <*> is no longer served by node <*>
f8f01deb,ClusterFileSystem: ServerFileSystem domain <*> is no longer served by node <*>
f8f01deb,ClusterFileSystem: ServerFileSystem domain <*> is no longer served by node <*>
f8f01deb,ClusterFileSystem: ServerFileSystem domain <*> is no longer served by node <*>
f8f01deb,ClusterFileSystem: ServerFileSystem domain <*> is no longer served by node <*>
f8f01deb,ClusterFileSystem: ServerFileSystem domain <*> is no longer served by node <*>
f8f01deb,ClusterFileSystem: ServerFileSystem domain <*> is no longer served by node <*>
f8f01deb,ClusterFileSystem: ServerFileSystem domain <*> is no longer served by node <*>
f8f01deb,ClusterFileSystem: ServerFileSystem domain <*> is no longer served by node <*>
f8f01deb,ClusterFileSystem: ServerFileSystem domain <*> is no longer served by node <*>
f8f01deb,ClusterFileSystem: ServerFileSystem domain <*> is no longer served by node <*>
f8f01deb,ClusterFileSystem: ServerFileSystem domain <*> is no longer served by node <*>
f8f01deb,ClusterFileSystem: ServerFileSystem domain <*> is no longer served by node <*>
f8f01deb,ClusterFileSystem: ServerFileSystem domain <*> is no longer served by node <*>
f8f01deb,ClusterFileSystem: ServerFileSystem domain <*> is no longer served by node <*>
f8f01deb,ClusterFileSystem: ServerFileSystem domain <*> is no longer served by node <*>
f8f01deb,ClusterFileSystem: ServerFileSystem domain <*> is no longer served by node <*>
f8f01deb,ClusterFileSystem: ServerFileSystem domain <*> is no longer served by node <*>
f8f01deb,ClusterFileSystem: ServerFileSystem domain <*> is no longer served by node <*>
f8f01deb,ClusterFileSystem: ServerFileSystem domain <*> is no longer served by node <*>
f8f01deb,ClusterFileSystem: ServerFileSystem domain <*> is no longer served by node <*>
f8f01deb,ClusterFileSystem: ServerFileSystem domain <*> is no longer served by node <*>
f8f01deb,ClusterFileSystem: ServerFileSystem domain <*> is no longer served by node <*>
f8f01deb,ClusterFileSystem: ServerFileSystem domain <*> is no longer served by node <*>
f8f01deb,ClusterFileSystem: ServerFileSystem domain <*> is no longer served by node <*>
f8f01deb,ClusterFileSystem: ServerFileSystem domain <*> is no longer served by node <*>
f8f01deb,ClusterFileSystem: ServerFileSystem domain <*> is no longer served by node <*>
f8f01deb,ClusterFileSystem: ServerFileSystem domain <*> is no longer served by node <*>
f8f01deb,ClusterFileSystem: ServerFileSystem domain <*> is no longer served by node <*>
f8f01deb,ClusterFileSystem: ServerFileSystem domain <*> is no longer served by node <*>
f8f01deb,ClusterFileSystem: ServerFileSystem domain <*> is no longer served by node <*>
f8f01deb,ClusterFileSystem: ServerFileSystem domain <*> is no longer served by node <*>
f8f01deb,ClusterFileSystem: ServerFileSystem domain <*> is no longer served by node <*>
f8f01deb,ClusterFileSystem: ServerFileSystem domain <*> is no longer served by node <*>
ea31f21f,running
ea31f21f,running
ea31f21f,running
ea31f21f,running
ea31f21f,running
ea31f21f,running
ea31f21f,running
d639ee01,blocked
d639ee01,blocked
ea31f21f,running
ea31f21f,running
0dbbeadb,not responding
0dbbeadb,not responding
d8218a03,configured out
ea31f21f,running
ea31f21f,running
ea31f21f,running
0dbbeadb,not responding
0dbbeadb,not responding
ea31f21f,running
0dbbeadb,not responding
0dbbeadb,not responding
d8218a03,configured out
0dbbeadb,not responding
ea31f21f,running
ea31f21f,running
ea31f21f,running
ea31f21f,running
0dbbeadb,not responding
0dbbeadb,not responding
0dbbeadb,not responding
5088a1e5,inconsistent nodesets node-160 0x0001edfe <ok> node-161 0x1001fdfe <ok> node-162 0x1001fdfe <ok> node-163 0x1001fdfe <ok>
ea31f21f,running
ea31f21f,running
ea31f21f,running
ea31f21f,running
ea31f21f,running
ea31f21f,running
ea31f21f,running
d8218a03,configured out
ea31f21f,running
96b7db51,active
d8218a03,configured out
ea31f21f,running
ea31f21f,running
d8218a03,configured out
d8218a03,configured out
d8218a03,configured out
ea31f21f,running
d8218a03,configured out
0dbbeadb,not responding
ea31f21f,running
ea31f21f,running
d8218a03,configured out
0dbbeadb,not responding
ea31f21f,running
d8218a03,configured out
0dbbeadb,not responding
30ef524d,inconsistent nodesets node-32 0x00000002 <ok> node-34 0x000001fe <ok> node-33 0x000001fe <ok> node-35 0x000001fe <ok>
d8218a03,configured out
0dbbeadb,not responding
ea31f21f,running
d8218a03,configured out
d8218a03,configured out
d8218a03,configured out
0dbbeadb,not responding
d8218a03,configured out
d8218a03,configured out
ea31f21f,running
ea31f21f,running
ea31f21f,running
d8218a03,configured out
d8218a03,configured out
0dbbeadb,not responding
0dbbeadb,not responding
d8218a03,configured out
ea31f21f,running
d8218a03,configured out
d8218a03,configured out
ea31f21f,running
0dbbeadb,not responding
96b7db51,active
ea31f21f,running
ea31f21f,running
d8218a03,configured out
ea31f21f,running
d8218a03,configured out
ea31f21f,running
ea31f21f,running
d639ee01,blocked
0dbbeadb,not responding
0dbbeadb,not responding
ea31f21f,running
0dbbeadb,not responding
0dbbeadb,not responding
0dbbeadb,not responding
ea31f21f,running
ea31f21f,running
ea31f21f,running
0dbbeadb,not responding
ea31f21f,running
ea31f21f,running
d8218a03,configured out
d8218a03,configured out
ea31f21f,running
ea31f21f,running
0dbbeadb,not responding
ea31f21f,running
ea31f21f,running
0dbbeadb,not responding
d8218a03,configured out
d8218a03,configured out
d8218a03,configured out
d8218a03,configured out
d8218a03,configured out
0dbbeadb,not responding
0dbbeadb,not responding
0dbbeadb,not responding
ea31f21f,running
ea31f21f,running
d8218a03,configured out
d8218a03,configured out
d8218a03,configured out
d8218a03,configured out
ea31f21f,running
ea31f21f,running
d8218a03,configured out
ea31f21f,running
0dbbeadb,not responding
0dbbeadb,not responding
0dbbeadb,not responding
ea31f21f,running
ea31f21f,running
d8218a03,configured out
0dbbeadb,not responding
ea31f21f,running
0dbbeadb,not responding
ea31f21f,running
d8218a03,configured out
ea31f21f,running
ea31f21f,running
0dbbeadb,not responding
0dbbeadb,not responding
d8218a03,configured out
d8218a03,configured out
ea31f21f,running
ea31f21f,running
ea31f21f,running
d8218a03,configured out
ea31f21f,running
ea31f21f,running
d8218a03,configured out
d8218a03,configured out
d8218a03,configured out
ea31f21f,running
ea31f21f,running
ea31f21f,running
d639ee01,blocked
d639ee01,blocked
0dbbeadb,not responding
ea31f21f,running
ea31f21f,running
d8218a03,configured out
ea31f21f,running
ea31f21f,running
ea31f21f,running
ea31f21f,running
ea31f21f,running
d8218a03,configured out
d8218a03,configured out
6ea40eb4,not-responding
ea31f21f,running
ea31f21f,running
96b7db51,active
ea31f21f,running
ea31f21f,running
ea31f21f,running
ea31f21f,running
ea31f21f,running
ea31f21f,running
0dbbeadb,not responding
d8218a03,configured out
d8218a03,configured out
0dbbeadb,not responding
ea31f21f,running
ea31f21f,running
d8218a03,configured out
d8218a03,configured out
ea31f21f,running
ea31f21f,running
ea31f21f,running
d8218a03,configured out
ab693e0b,inconsistent nodesets node-1 0x000001fc <ok> node-2 0x000001fc <ok> node-7 0x000001fc <ok> node-4 0x000001fc <ok> node-6 0x000001fc <ok> node-5 0x000001fc <ok> node-3 0x000001fc <ok> node-14 0x0003fdfc <ok> node-13 0x0003fdfc <ok> node-12 0x0003fdfc <ok> node-10 0x0003fdfc <ok> node-16 0x0003fdfc <ok> node-15 0x0003fdfc <ok>
d8218a03,configured out
d639ee01,blocked
d8218a03,configured out
ea31f21f,running
ea31f21f,running
ea31f21f,running
d8218a03,configured out
0dbbeadb,not responding
d8218a03,configured out
0dbbeadb,not responding
ea31f21f,running
96b7db51,active
0dbbeadb,not responding
d8218a03,configured out
d8218a03,configured out
ea31f21f,running
ea31f21f,running
d8218a03,configured out
0dbbeadb,not responding
ea31f21f,running
d8218a03,configured out
d639ee01,blocked
ea31f21f,running
d8218a03,configured out
0dbbeadb,not responding
d8218a03,configured out
d8218a03,configured out
d8218a03,configured out
d8218a03,configured out
ea31f21f,running
d8218a03,configured out
d8218a03,configured out
ea31f21f,running
ea31f21f,running
ea31f21f,running
ea31f21f,running
ea31f21f,running
d8218a03,configured out
d8218a03,configured out
ea31f21f,running
d639ee01,blocked
d8218a03,configured out
ea31f21f,running
ea31f21f,running
ea31f21f,running
ea31f21f,running
d639ee01,blocked
d8218a03,configured out
ea31f21f,running
0dbbeadb,not responding
ea31f21f,running
ea31f21f,running
ea31f21f,running
ea31f21f,running
d8218a03,configured out
d8218a03,configured out
0dbbeadb,not responding
ea31f21f,running
ea31f21f,running
ea31f21f,running
0dbbeadb,not responding
ea31f21f,running
ea31f21f,running
0dbbeadb,not responding
25477253,starting
d8218a03,configured out
d8218a03,configured out
d8218a03,configured out
d8218a03,configured out
ea31f21f,running
d8218a03,configured out
0dbbeadb,not responding
0dbbeadb,not responding
d8218a03,configured out
ea31f21f,running
ea31f21f,running
d8218a03,configured out
0dbbeadb,not responding
ea31f21f,running
d8218a03,configured out
ea31f21f,running
d8218a03,configured out
d639ee01,blocked
ea31f21f,running
ea31f21f,running
ea31f21f,running
ea31f21f,running
d639ee01,blocked
ea31f21f,running
ea31f21f,running
ea31f21f,running
d8218a03,configured out
06fb9f14,closing
ea31f21f,running
ea31f21f,running
ea31f21f,running
ea31f21f,running
ea31f21f,running
ea31f21f,running
ea31f21f,running
ea31f21f,running
ea31f21f,running
ea31f21f,running
ea31f21f,running
d8218a03,configured out
0dbbeadb,not responding
0dbbeadb,not responding
d639ee01,blocked
ea31f21f,running
0dbbeadb,not responding
ea31f21f,running
96b7db51,active
0dbbeadb,not responding
d8218a03,configured out
0dbbeadb,not responding
ea31f21f,running
ea31f21f,running
d639ee01,blocked
ea31f21f,running
0dbbeadb,not responding
0dbbeadb,not responding
ea31f21f,running
ea31f21f,running
d639ee01,blocked
0dbbeadb,not responding
d8218a03,configured out
d8218a03,configured out
ea31f21f,running
ea31f21f,running
ea31f21f,running
d8218a03,configured out
d8218a03,configured out
d8218a03,configured out
ea31f21f,running
ea31f21f,running
ea31f21f,running
3c0a03cb,inconsistent nodesets node-31 0x1fffffffe <ok> node-0 0xfffffffe <ok> node-1 0xfffffffe <ok> node-2 0xfffffffe <ok> node-30 0xfffffffe <ok>
d8218a03,configured out
ea31f21f,running
d639ee01,blocked
ea31f21f,running
0dbbeadb,not responding
d8218a03,configured out
ea31f21f,running
ea31f21f,running
ea31f21f,running
ea31f21f,running
a14a0139,normal
a14a0139,normal
5fd41706,warning
a14a0139,normal
a14a0139,normal
5fd41706,warning
0fd1d0aa,ambient<*>
a14a0139,normal
0fd1d0aa,ambient<*>
a14a0139,normal
a14a0139,normal
a188d364,critical
a14a0139,normal
a14a0139,normal
a188d364,critical
a14a0139,normal
0fd1d0aa,ambient<*>
a14a0139,normal
a14a0139,normal
0fd1d0aa,ambient<*>
0fd1d0aa,ambient<*>
a14a0139,normal
0fd1d0aa,ambient<*>
0fd1d0aa,ambient<*>
5fd41706,warning
a188d364,critical
a14a0139,normal
0fd1d0aa,ambient<*>
0fd1d0aa,ambient<*>
a14a0139,normal
0fd1d0aa,ambient<*>
0fd1d0aa,ambient<*>
0fd1d0aa,ambient<*>
0fd1d0aa,ambient<*>
a14a0139,normal
5fd41706,warning
5fd41706,warning
5fd41706,warning
0fd1d0aa,ambient<*>
5fd41706,warning
a14a0139,normal
0fd1d0aa,ambient<*>
0fd1d0aa,ambient<*>
a14a0139,normal
0fd1d0aa,ambient<*>
5fd41706,warning
5fd41706,warning
a14a0139,normal
5fd41706,warning
a14a0139,normal
0fd1d0aa,ambient<*>
5fd41706,warning
0fd1d0aa,ambient<*>
0fd1d0aa,ambient<*>
a14a0139,normal
5fd41706,warning
a14a0139,normal
0fd1d0aa,ambient<*>
5fd41706,warning
5fd41706,warning
5fd41706,warning
0fd1d0aa,ambient<*>
0fd1d0aa,ambient<*>
0fd1d0aa,ambient<*>
5fd41706,warning
5fd41706,warning
a14a0139,normal
5fd41706,warning
a14a0139,normal
a14a0139,normal
a14a0139,normal
a14a0139,normal
5fd41706,warning
5fd41706,warning
a14a0139,normal
5fd41706,warning
a14a0139,normal
a14a0139,normal
a14a0139,normal
0fd1d0aa,ambient<*>
5fd41706,warning
5fd41706,warning
a14a0139,normal
5fd41706,warning
a14a0139,normal
5fd41706,warning
0fd1d0aa,ambient<*>
a14a0139,normal
5fd41706,warning
5fd41706,warning
5fd41706,warning
0fd1d0aa,ambient<*>
a14a0139,normal
0fd1d0aa,ambient<*>
5fd41706,warning
5fd41706,warning
5fd41706,warning
5fd41706,warning
0fd1d0aa,ambient<*>
0fd1d0aa,ambient<*>
0fd1d0aa,ambient<*>
0fd1d0aa,ambient<*>
0fd1d0aa,ambient<*>
0fd1d0aa,ambient<*>
0fd1d0aa,ambient<*>
5fd41706,warning
a14a0139,normal
0fd1d0aa,ambient<*>
a14a0139,normal
5fd41706,warning
a14a0139,normal
0fd1d0aa,ambient<*>
a14a0139,normal
0fd1d0aa,ambient<*>
5fd41706,warning
a188d364,critical
0fd1d0aa,ambient<*>
0fd1d0aa,ambient<*>
0fd1d0aa,ambient<*>
5fd41706,warning
0fd1d0aa,ambient<*>
0fd1d0aa,ambient<*>
0fd1d0aa,ambient<*>
a14a0139,normal
0fd1d0aa,ambient<*>
0fd1d0aa,ambient<*>
0fd1d0aa,ambient<*>
5fd41706,warning
5fd41706,warning
a14a0139,normal
a14a0139,normal
5fd41706,warning
0fd1d0aa,ambient<*>
0fd1d0aa,ambient<*>
0fd1d0aa,ambient<*>
0fd1d0aa,ambient<*>
0fd1d0aa,ambient<*>
5fd41706,warning
0fd1d0aa,ambient<*>
a14a0139,normal
5fd41706,warning
a14a0139,normal
a14a0139,normal
a14a0139,normal
a14a0139,normal
0fd1d0aa,ambient<*>
a14a0139,normal
0fd1d0aa,ambient<*>
5fd41706,warning
a14a0139,normal
5fd41706,warning
5fd41706,warning
5fd41706,warning
5fd41706,warning
0fd1d0aa,ambient<*>
5fd41706,warning
a14a0139,normal
5fd41706,warning
5fd41706,warning
a14a0139,normal
a14a0139,normal
5fd41706,warning
a14a0139,normal
5fd41706,warning
a14a0139,normal
a14a0139,normal
a14a0139,normal
5fd41706,warning
5fd41706,warning
a14a0139,normal
a14a0139,normal
5fd41706,warning
5fd41706,warning
5fd41706,warning
5fd41706,warning
0fd1d0aa,ambient<*>
a14a0139,normal
a14a0139,normal
0fd1d0aa,ambient<*>
0fd1d0aa,ambient<*>
0fd1d0aa,ambient<*>
0fd1d0aa,ambient<*>
a14a0139,normal
0fd1d0aa,ambient<*>
5fd41706,warning
a14a0139,normal
a14a0139,normal
0fd1d0aa,ambient<*>
a14a0139,normal
5fd41706,warning
0fd1d0aa,ambient<*>
5fd41706,warning
a14a0139,normal
a14a0139,normal
a14a0139,normal
5fd41706,warning
0fd1d0aa,ambient<*>
5fd41706,warning
5fd41706,warning
a14a0139,normal
5fd41706,warning
0fd1d0aa,ambient<*>
0fd1d0aa,ambient<*>
a14a0139,normal
0fd1d0aa,ambient<*>
0fd1d0aa,ambient<*>
0fd1d0aa,ambient<*>
5fd41706,warning
0fd1d0aa,ambient<*>
a14a0139,normal
0fd1d0aa,ambient<*>
0fd1d0aa,ambient<*>
0fd1d0aa,ambient<*>
0fd1d0aa,ambient<*>
0fd1d0aa,ambient<*>
0fd1d0aa,ambient<*>
a14a0139,normal
0fd1d0aa,ambient<*>
a14a0139,normal
0fd1d0aa,ambient<*>
0fd1d0aa,ambient<*>
0fd1d0aa,ambient<*>
a188d364,critical
a14a0139,normal
0fd1d0aa,ambient<*>
a14a0139,normal
0fd1d0aa,ambient<*>
a14a0139,normal
0fd1d0aa,ambient<*>
a14a0139,normal
5fd41706,warning
a14a0139,normal
5fd41706,warning
a14a0139,normal
0fd1d0aa,ambient<*>
0fd1d0aa,ambient<*>
0fd1d0aa,ambient<*>
0fd1d0aa,ambient<*>
a14a0139,normal
5fd41706,warning
5fd41706,warning
0fd1d0aa,ambient<*>
0fd1d0aa,ambient<*>
5fd41706,warning
a14a0139,normal
0fd1d0aa,ambient<*>
a14a0139,normal
0fd1d0aa,ambient<*>
0fd1d0aa,ambient<*>
5fd41706,warning
5fd41706,warning
5fd41706,warning
5fd41706,warning
5fd41706,warning
a14a0139,normal
5fd41706,warning
0fd1d0aa,ambient<*>
0fd1d0aa,ambient<*>
0fd1d0aa,ambient<*>
a14a0139,normal
5fd41706,warning
a14a0139,normal
5fd41706,warning
5fd41706,warning
a14a0139,normal
5fd41706,warning
a14a0139,normal
5fd41706,warning
5fd41706,warning
a14a0139,normal
5fd41706,warning
a14a0139,normal
0fd1d0aa,ambient<*>
a14a0139,normal
0fd1d0aa,ambient<*>
0fd1d0aa,ambient<*>
5fd41706,warning
0fd1d0aa,ambient<*>
0fd1d0aa,ambient<*>
0fd1d0aa,ambient<*>
a14a0139,normal
0fd1d0aa,ambient<*>
a14a0139,normal
a14a0139,normal
5fd41706,warning
5fd41706,warning
a14a0139,normal
a14a0139,normal
a14a0139,normal
5fd41706,warning
5fd41706,warning
5fd41706,warning
5fd41706,warning
a14a0139,normal
5fd41706,warning
a14a0139,normal
5fd41706,warning
0fd1d0aa,ambient<*>
a14a0139,normal
a14a0139,normal
5fd41706,warning
a14a0139,normal
a14a0139,normal
5fd41706,warning
5fd41706,warning
5fd41706,warning
5fd41706,warning
a14a0139,normal
a14a0139,normal
a14a0139,normal
a14a0139,normal
0fd1d0aa,ambient<*>
a14a0139,normal
a14a0139,normal
a14a0139,normal
a14a0139,normal
a14a0139,normal
5fd41706,warning
a188d364,critical
5fd41706,warning
5fd41706,warning
5fd41706,warning
5fd41706,warning
0fd1d0aa,ambient<*>
5fd41706,warning
a14a0139,normal
0fd1d0aa,ambient<*>
a14a0139,normal
a14a0139,normal
a14a0139,normal
5fd41706,warning
a14a0139,normal
0fd1d0aa,ambient<*>
5fd41706,warning
a14a0139,normal
5fd41706,warning
a14a0139,normal
a14a0139,normal
0fd1d0aa,ambient<*>
a14a0139,normal
a14a0139,normal
5fd41706,warning
5fd41706,warning
5fd41706,warning
5fd41706,warning
a14a0139,normal
5fd41706,warning
0fd1d0aa,ambient<*>
0fd1d0aa,ambient<*>
0fd1d0aa,ambient<*>
0fd1d0aa,ambient<*>
0fd1d0aa,ambient<*>
a188d364,critical
5fd41706,warning
5fd41706,warning
a14a0139,normal
5fd41706,warning
5fd41706,warning
5fd41706,warning
0fd1d0aa,ambient<*>
a14a0139,normal
0fd1d0aa,ambient<*>
a14a0139,normal
a14a0139,normal
a14a0139,normal
5fd41706,warning
0fd1d0aa,ambient<*>
5fd41706,warning
0fd1d0aa,ambient<*>
a14a0139,normal
5fd41706,warning
5fd41706,warning
5fd41706,warning
a14a0139,normal
a188d364,critical
5fd41706,warning
5fd41706,warning
5fd41706,warning
a188d364,critical
0fd1d0aa,ambient<*>
5fd41706,warning
0fd1d0aa,ambient<*>
a14a0139,normal
5fd41706,warning
0fd1d0aa,ambient<*>
a14a0139,normal
5fd41706,warning
a14a0139,normal
0fd1d0aa,ambient<*>
a14a0139,normal
0fd1d0aa,ambient<*>
0fd1d0aa,ambient<*>
a14a0139,normal
0fd1d0aa,ambient<*>
0fd1d0aa,ambient<*>
0fd1d0aa,ambient<*>
5fd41706,warning
0fd1d0aa,ambient<*>
0fd1d0aa,ambient<*>
a188d364,critical
a14a0139,normal
0fd1d0aa,ambient<*>
0fd1d0aa,ambient<*>
0fd1d0aa,ambient<*>
0fd1d0aa,ambient<*>
0fd1d0aa,ambient<*>
0fd1d0aa,ambient<*>
0fd1d0aa,ambient<*>
0fd1d0aa,ambient<*>
0fd1d0aa,ambient<*>
5fd41706,warning
a188d364,critical
a14a0139,normal
5fd41706,warning
a14a0139,normal
5fd41706,warning
a14a0139,normal
a14a0139,normal
a14a0139,normal
a14a0139,normal
5fd41706,warning
a14a0139,normal
a14a0139,normal
a14a0139,normal
a14a0139,normal
5fd41706,warning
a14a0139,normal
a14a0139,normal
a14a0139,normal
5fd41706,warning
a14a0139,normal
5fd41706,warning
a188d364,critical
a14a0139,normal
5fd41706,warning
5fd41706,warning
5fd41706,warning
a188d364,critical
5fd41706,warning
a14a0139,normal
5fd41706,warning
0fd1d0aa,ambient<*>
5fd41706,warning
5fd41706,warning
5fd41706,warning
0fd1d0aa,ambient<*>
0fd1d0aa,ambient<*>
0fd1d0aa,ambient<*>
0fd1d0aa,ambient<*>
0fd1d0aa,ambient<*>
0fd1d0aa,ambient<*>
5fd41706,warning
a188d364,critical
0fd1d0aa,ambient<*>
a14a0139,normal
5fd41706,warning
0fd1d0aa,ambient<*>
5fd41706,warning
5fd41706,warning
5fd41706,warning
5fd41706,warning
a14a0139,normal
0fd1d0aa,ambient<*>
a14a0139,normal
a14a0139,normal
0fd1d0aa,ambient<*>
0fd1d0aa,ambient<*>
0fd1d0aa,ambient<*>
0fd1d0aa,ambient<*>
5fd41706,warning
5fd41706,warning
5fd41706,warning
5fd41706,warning
a14a0139,normal
5fd41706,warning
0fd1d0aa,ambient<*>
5fd41706,warning
0fd1d0aa,ambient<*>
0fd1d0aa,ambient<*>
0fd1d0aa,ambient<*>
0fd1d0aa,ambient<*>
5fd41706,warning
a14a0139,normal
5fd41706,warning
a14a0139,normal
a14a0139,normal
5fd41706,warning
5fd41706,warning
5fd41706,warning
5fd41706,warning
a14a0139,normal
5fd41706,warning
5fd41706,warning
a14a0139,normal
a14a0139,normal
0fd1d0aa,ambient<*>
a14a0139,normal
0fd1d0aa,ambient<*>
0fd1d0aa,ambient<*>
0fd1d0aa,ambient<*>
0fd1d0aa,ambient<*>
a14a0139,normal
5fd41706,warning
a14a0139,normal
5fd41706,warning
5fd41706,warning
5fd41706,warning
0fd1d0aa,ambient<*>
a14a0139,normal
0fd1d0aa,ambient<*>
0fd1d0aa,ambient<*>
a14a0139,normal
5fd41706,warning
5fd41706,warning
5fd41706,warning
0fd1d0aa,ambient<*>
0fd1d0aa,ambient<*>
5fd41706,warning
0fd1d0aa,ambient<*>
a14a0139,normal
0fd1d0aa,ambient<*>
0fd1d0aa,ambient<*>
5fd41706,warning
0fd1d0aa,ambient<*>
0fd1d0aa,ambient<*>
0fd1d0aa,ambient<*>
0fd1d0aa,ambient<*>
0fd1d0aa,ambient<*>
0fd1d0aa,ambient<*>
0fd1d0aa,ambient<*>
0fd1d0aa,ambient<*>
0fd1d0aa,ambient<*>
5fd41706,warning
0fd1d0aa,ambient<*>
0fd1d0aa,ambient<*>
5fd41706,warning
5fd41706,warning
0fd1d0aa,ambient<*>
0fd1d0aa,ambient<*>
a14a0139,normal
a14a0139,normal
0fd1d0aa,ambient<*>
0fd1d0aa,ambient<*>
0fd1d0aa,ambient<*>
0fd1d0aa,ambient<*>
5fd41706,warning
0fd1d0aa,ambient<*>
5fd41706,warning
0fd1d0aa,ambient<*>
a14a0139,normal
0fd1d0aa,ambient<*>
0fd1d0aa,ambient<*>
5fd41706,warning
0fd1d0aa,ambient<*>
a14a0139,normal
a14a0139,normal
5fd41706,warning
0fd1d0aa,ambient<*>
5fd41706,warning
a14a0139,normal
0fd1d0aa,ambient<*>
0fd1d0aa,ambient<*>
0fd1d0aa,ambient<*>
a14a0139,normal
0fd1d0aa,ambient<*>
0fd1d0aa,ambient<*>
0fd1d0aa,ambient<*>
a14a0139,normal
0fd1d0aa,ambient<*>
5fd41706,warning
a14a0139,normal
0fd1d0aa,ambient<*>
a14a0139,normal
a14a0139,normal
0fd1d0aa,ambient<*>
0fd1d0aa,ambient<*>
5fd41706,warning
0fd1d0aa,ambient<*>
0fd1d0aa,ambient<*>
0fd1d0aa,ambient<*>
a14a0139,normal
0fd1d0aa,ambient<*>
0fd1d0aa,ambient<*>
5fd41706,warning
5fd41706,warning
0fd1d0aa,ambient<*>
0fd1d0aa,ambient<*>
5fd41706,warning
0fd1d0aa,ambient<*>
a14a0139,normal
0fd1d0aa,ambient<*>
0fd1d0aa,ambient<*>
0fd1d0aa,ambient<*>
0fd1d0aa,ambient<*>
a14a0139,normal
0fd1d0aa,ambient<*>
5fd41706,warning
0fd1d0aa,ambient<*>
0fd1d0aa,ambient<*>
0fd1d0aa,ambient<*>
0fd1d0aa,ambient<*>
5fd41706,warning
0fd1d0aa,ambient<*>
0fd1d0aa,ambient<*>
5fd41706,warning
a14a0139,normal
a14a0139,normal
5fd41706,warning
0fd1d0aa,ambient<*>
0fd1d0aa,ambient<*>
0fd1d0aa,ambient<*>
0fd1d0aa,ambient<*>
0fd1d0aa,ambient<*>
5fd41706,warning
0fd1d0aa,ambient<*>
0fd1d0aa,ambient<*>
0fd1d0aa,ambient<*>
0fd1d0aa,ambient<*>
0fd1d0aa,ambient<*>
0fd1d0aa,ambient<*>
a14a0139,normal
a14a0139,normal
a14a0139,normal
5fd41706,warning
0fd1d0aa,ambient<*>
a14a0139,normal
a14a0139,normal
0fd1d0aa,ambient<*>
0fd1d0aa,ambient<*>
5fd41706,warning
0fd1d0aa,ambient<*>
0fd1d0aa,ambient<*>
0fd1d0aa,ambient<*>
0fd1d0aa,ambient<*>
0fd1d0aa,ambient<*>
5fd41706,warning
a14a0139,normal
0fd1d0aa,ambient<*>
a14a0139,normal
0fd1d0aa,ambient<*>
0fd1d0aa,ambient<*>
0fd1d0aa,ambient<*>
0fd1d0aa,ambient<*>
0fd1d0aa,ambient<*>
0fd1d0aa,ambient<*>
0fd1d0aa,ambient<*>
0fd1d0aa,ambient<*>
0fd1d0aa,ambient<*>
a188d364,critical
0fd1d0aa,ambient<*>
0fd1d0aa,ambient<*>
0fd1d0aa,ambient<*>
0fd1d0aa,ambient<*>
0fd1d0aa,ambient<*>
0fd1d0aa,ambient<*>
0fd1d0aa,ambient<*>
0fd1d0aa,ambient<*>
0fd1d0aa,ambient<*>
a188d364,critical
0fd1d0aa,ambient<*>
a14a0139,normal
0fd1d0aa,ambient<*>
a14a0139,normal
0fd1d0aa,ambient<*>
0fd1d0aa,ambient<*>
0fd1d0aa,ambient<*>
0fd1d0aa,ambient<*>
0fd1d0aa,ambient<*>
0fd1d0aa,ambient<*>
0fd1d0aa,ambient<*>
a14a0139,normal
0fd1d0aa,ambient<*>
a14a0139,normal
0fd1d0aa,ambient<*>
0fd1d0aa,ambient<*>
5fd41706,warning
a188d364,critical
a14a0139,normal
a14a0139,normal
0fd1d0aa,ambient<*>
5fd41706,warning
a14a0139,normal
0fd1d0aa,ambient<*>
0fd1d0aa,ambient<*>
a14a0139,normal
0fd1d0aa,ambient<*>
0fd1d0aa,ambient<*>
0fd1d0aa,ambient<*>
0fd1d0aa,ambient<*>
0fd1d0aa,ambient<*>
0fd1d0aa,ambient<*>
5fd41706,warning
a14a0139,normal
0fd1d0aa,ambient<*>
0fd1d0aa,ambient<*>
0fd1d0aa,ambient<*>
0fd1d0aa,ambient<*>
a188d364,critical
a14a0139,normal
0fd1d0aa,ambient<*>
0fd1d0aa,ambient<*>
0fd1d0aa,ambient<*>
a14a0139,normal
a14a0139,normal
a14a0139,normal
5fd41706,warning
5fd41706,warning
0fd1d0aa,ambient<*>
a14a0139,normal
a188d364,critical
5fd41706,warning
5fd41706,warning
a14a0139,normal
5fd41706,warning
a14a0139,normal
5fd41706,warning
0fd1d0aa,ambient<*>
0fd1d0aa,ambient<*>
0fd1d0aa,ambient<*>
5fd41706,warning
5fd41706,warning
a188d364,critical
5fd41706,warning
1ef9379e,Link ok
1ef9379e,Link ok
1ef9379e,Link ok
1ef9379e,Link ok
3848c830,Link error
3848c830,Link error
a22bcddc,Link in reset
1ef9379e,Link ok
1ef9379e,Link ok
a22bcddc,Link in reset
1ef9379e,Link ok
3848c830,Link error
1ef9379e,Link ok
1ef9379e,Link ok
1ef9379e,Link ok
3848c830,Link error
a22bcddc,Link in reset
1ef9379e,Link ok
1ef9379e,Link ok
a22bcddc,Link in reset
a22bcddc,Link in reset
a22bcddc,Link in reset
a22bcddc,Link in reset
8b1408d7,Linkerror event interval expired
8b1408d7,Linkerror event interval expired
792c77f9,risBoot (command 1903) Error: Timed out while waiting for SRM prompt: <ABORT code completed>
8b1408d7,Linkerror event interval expired
8b1408d7,Linkerror event interval expired
8b1408d7,Linkerror event interval expired
8b1408d7,Linkerror event interval expired
8b1408d7,Linkerror event interval expired
8b1408d7,Linkerror event interval expired
8b1408d7,Linkerror event interval expired
8b1408d7,Linkerror event interval expired
8b1408d7,Linkerror event interval expired
8b1408d7,Linkerror event interval expired
8b1408d7,Linkerror event interval expired
8b1408d7,Linkerror event interval expired
8b1408d7,Linkerror event interval expired
8b1408d7,Linkerror event interval expired
8b1408d7,Linkerror event interval expired
8b1408d7,Linkerror event interval expired
8b1408d7,Linkerror event interval expired
8b1408d7,Linkerror event interval expired
8b1408d7,Linkerror event interval expired
8b1408d7,Linkerror event interval expired
8b1408d7,Linkerror event interval expired
8b1408d7,Linkerror event interval expired
8b1408d7,Linkerror event interval expired
8b1408d7,Linkerror event interval expired
8b1408d7,Linkerror event interval expired
8b1408d7,Linkerror event interval expired
8b1408d7,Linkerror event interval expired
8b1408d7,Linkerror event interval expired
8b1408d7,Linkerror event interval expired
8b1408d7,Linkerror event interval expired
8b1408d7,Linkerror event interval expired
8b1408d7,Linkerror event interval expired
8b1408d7,Linkerror event interval expired
8b1408d7,Linkerror event interval expired
8b1408d7,Linkerror event interval expired
8b1408d7,Linkerror event interval expired
8b1408d7,Linkerror event interval expired
8b1408d7,Linkerror event interval expired
8b1408d7,Linkerror event interval expired
8b1408d7,Linkerror event interval expired
8b1408d7,Linkerror event interval expired
8b1408d7,Linkerror event interval expired
8b1408d7,Linkerror event interval expired
8b1408d7,Linkerror event interval expired
8b1408d7,Linkerror event interval expired
8b1408d7,Linkerror event interval expired
8b1408d7,Linkerror event interval expired
8b1408d7,Linkerror event interval expired
8b1408d7,Linkerror event interval expired
8b1408d7,Linkerror event interval expired
8b1408d7,Linkerror event interval expired
8b1408d7,Linkerror event interval expired
8b1408d7,Linkerror event interval expired
8b1408d7,Linkerror event interval expired
8b1408d7,Linkerror event interval expired
8b1408d7,Linkerror event interval expired
8b1408d7,Linkerror event interval expired
8b1408d7,Linkerror event interval expired
8b1408d7,Linkerror event interval expired
8b1408d7,Linkerror event interval expired
8b1408d7,Linkerror event interval expired
8b1408d7,Linkerror event interval expired
8b1408d7,Linkerror event interval expired
8b1408d7,Linkerror event interval expired
8b1408d7,Linkerror event interval expired
8b1408d7,Linkerror event interval expired
8b1408d7,Linkerror event interval expired
8b1408d7,Linkerror event interval expired
8b1408d7,Linkerror event interval expired
8b1408d7,Linkerror event interval expired
8b1408d7,Linkerror event interval expired
8b1408d7,Linkerror event interval expired
8b1408d7,Linkerror event interval expired
8b1408d7,Linkerror event interval expired
8b1408d7,Linkerror event interval expired
8b1408d7,Linkerror event interval expired
8b1408d7,Linkerror event interval expired
8b1408d7,Linkerror event interval expired
8b1408d7,Linkerror event interval expired
8b1408d7,Linkerror event interval expired
8b1408d7,Linkerror event interval expired
8b1408d7,Linkerror event interval expired
6b0427d1,boot (command 2092) Error: HALT asserted\  cannot continue
8b1408d7,Linkerror event interval expired
8b1408d7,Linkerror event interval expired
8b1408d7,Linkerror event interval expired
8b1408d7,Linkerror event interval expired
8b1408d7,Linkerror event interval expired
8b1408d7,Linkerror event interval expired
8b1408d7,Linkerror event interval expired
8b1408d7,Linkerror event interval expired
8b1408d7,Linkerror event interval expired
8b1408d7,Linkerror event interval expired
8b1408d7,Linkerror event interval expired
8b1408d7,Linkerror event interval expired
8b1408d7,Linkerror event interval expired
8b1408d7,Linkerror event interval expired
8b1408d7,Linkerror event interval expired
8b1408d7,Linkerror event interval expired
8b1408d7,Linkerror event interval expired
8b1408d7,Linkerror event interval expired
8b1408d7,Linkerror event interval expired
8b1408d7,Linkerror event interval expired
8b1408d7,Linkerror event interval expired
8b1408d7,Linkerror event interval expired
8b1408d7,Linkerror event interval expired
8b1408d7,Linkerror event interval expired
8b1408d7,Linkerror event interval expired
8b1408d7,Linkerror event interval expired
8b1408d7,Linkerror event interval expired
8b1408d7,Linkerror event interval expired
8b1408d7,Linkerror event interval expired
8b1408d7,Linkerror event interval expired
8b1408d7,Linkerror event interval expired
8b1408d7,Linkerror event interval expired
8b1408d7,Linkerror event interval expired
8b1408d7,Linkerror event interval expired
8b1408d7,Linkerror event interval expired
8b1408d7,Linkerror event interval expired
8b1408d7,Linkerror event interval expired
8b1408d7,Linkerror event interval expired
8b1408d7,Linkerror event interval expired
8b1408d7,Linkerror event interval expired
8b1408d7,Linkerror event interval expired
8b1408d7,Linkerror event interval expired
8b1408d7,Linkerror event interval expired
8b1408d7,Linkerror event interval expired
8b1408d7,Linkerror event interval expired
8b1408d7,Linkerror event interval expired
8b1408d7,Linkerror event interval expired
8b1408d7,Linkerror event interval expired
8b1408d7,Linkerror event interval expired
8b1408d7,Linkerror event interval expired
8b1408d7,Linkerror event interval expired
8b1408d7,Linkerror event interval expired
8b1408d7,Linkerror event interval expired
8b1408d7,Linkerror event interval expired
8b1408d7,Linkerror event interval expired
8b1408d7,Linkerror event interval expired
8b1408d7,Linkerror event interval expired
8b1408d7,Linkerror event interval expired
8b1408d7,Linkerror event interval expired
8b1408d7,Linkerror event interval expired
8b1408d7,Linkerror event interval expired
8b1408d7,Linkerror event interval expired
8b1408d7,Linkerror event interval expired
8b1408d7,Linkerror event interval expired
8b1408d7,Linkerror event interval expired
8b1408d7,Linkerror event interval expired
8b1408d7,Linkerror event interval expired
8b1408d7,Linkerror event interval expired
8b1408d7,Linkerror event interval expired
8b1408d7,Linkerror event interval expired
8b1408d7,Linkerror event interval expired
8b1408d7,Linkerror event interval expired
8b1408d7,Linkerror event interval expired
8b1408d7,Linkerror event interval expired
8b1408d7,Linkerror event interval expired
8b1408d7,Linkerror event interval expired
8b1408d7,Linkerror event interval expired
8b1408d7,Linkerror event interval expired
8b1408d7,Linkerror event interval expired
8b1408d7,Linkerror event interval expired
8b1408d7,Linkerror event interval expired
8b1408d7,Linkerror event interval expired
8b1408d7,Linkerror event interval expired
8b1408d7,Linkerror event interval expired
8b1408d7,Linkerror event interval expired
8b1408d7,Linkerror event interval expired
8b1408d7,Linkerror event interval expired
8b1408d7,Linkerror event interval expired
8b1408d7,Linkerror event interval expired
8b1408d7,Linkerror event interval expired
8b1408d7,Linkerror event interval expired
8b1408d7,Linkerror event interval expired
8b1408d7,Linkerror event interval expired
8b1408d7,Linkerror event interval expired
8b1408d7,Linkerror event interval expired
8b1408d7,Linkerror event interval expired
8b1408d7,Linkerror event interval expired
8b1408d7,Linkerror event interval expired
8b1408d7,Linkerror event interval expired
8b1408d7,Linkerror event interval expired
8b1408d7,Linkerror event interval expired
8b1408d7,Linkerror event interval expired
8b1408d7,Linkerror event interval expired
8b1408d7,Linkerror event interval expired
8b1408d7,Linkerror event interval expired
8b1408d7,Linkerror event interval expired
8b1408d7,Linkerror event interval expired
8b1408d7,Linkerror event interval expired
8b1408d7,Linkerror event interval expired
8b1408d7,Linkerror event interval expired
8b1408d7,Linkerror event interval expired
8b1408d7,Linkerror event interval expired
8b1408d7,Linkerror event interval expired
8b1408d7,Linkerror event interval expired
8b1408d7,Linkerror event interval expired
8b1408d7,Linkerror event interval expired
8b1408d7,Linkerror event interval expired
8b1408d7,Linkerror event interval expired
8b1408d7,Linkerror event interval expired
8b1408d7,Linkerror event interval expired
8b1408d7,Linkerror event interval expired
8b1408d7,Linkerror event interval expired
8b1408d7,Linkerror event interval expired
8b1408d7,Linkerror event interval expired
8b1408d7,Linkerror event interval expired
8b1408d7,Linkerror event interval expired
8b1408d7,Linkerror event interval expired
8b1408d7,Linkerror event interval expired
8b1408d7,Linkerror event interval expired
8b1408d7,Linkerror event interval expired
8b1408d7,Linkerror event interval expired
8b1408d7,Linkerror event interval expired
8b1408d7,Linkerror event interval expired
8b1408d7,Linkerror event interval expired
8b1408d7,Linkerror event interval expired
8b1408d7,Linkerror event interval expired
8b1408d7,Linkerror event interval expired
8b1408d7,Linkerror event interval expired
8b1408d7,Linkerror event interval expired
8b1408d7,Linkerror event interval expired
8b1408d7,Linkerror event interval expired
8b1408d7,Linkerror event interval expired
8b1408d7,Linkerror event interval expired
8b1408d7,Linkerror event interval expired
8b1408d7,Linkerror event interval expired
8b1408d7,Linkerror event interval expired
8b1408d7,Linkerror event interval expired
8b1408d7,Linkerror event interval expired
8b1408d7,Linkerror event interval expired
8b1408d7,Linkerror event interval expired
8b1408d7,Linkerror event interval expired
8b1408d7,Linkerror event interval expired
8b1408d7,Linkerror event interval expired
8b1408d7,Linkerror event interval expired
8b1408d7,Linkerror event interval expired
8b1408d7,Linkerror event interval expired
8b1408d7,Linkerror event interval expired
8b1408d7,Linkerror event interval expired
8b1408d7,Linkerror event interval expired
8b1408d7,Linkerror event interval expired
8b1408d7,Linkerror event interval expired
8b1408d7,Linkerror event interval expired
8b1408d7,Linkerror event interval expired
8b1408d7,Linkerror event interval expired
8b1408d7,Linkerror event interval expired
8b1408d7,Linkerror event interval expired
8b1408d7,Linkerror event interval expired
8b1408d7,Linkerror event interval expired
8b1408d7,Linkerror event interval expired
8b1408d7,Linkerror event interval expired
8b1408d7,Linkerror event interval expired
8b1408d7,Linkerror event interval expired
8b1408d7,Linkerror event interval expired
8b1408d7,Linkerror event interval expired
8b1408d7,Linkerror event interval expired
8b1408d7,Linkerror event interval expired
8b1408d7,Linkerror event interval expired
8b1408d7,Linkerror event interval expired
8b1408d7,Linkerror event interval expired
8b1408d7,Linkerror event interval expired
8b1408d7,Linkerror event interval expired
8b1408d7,Linkerror event interval expired
8b1408d7,Linkerror event interval expired
8b1408d7,Linkerror event interval expired
8b1408d7,Linkerror event interval expired
8b1408d7,Linkerror event interval expired
8b1408d7,Linkerror event interval expired
8b1408d7,Linkerror event interval expired
8b1408d7,Linkerror event interval expired
8b1408d7,Linkerror event interval expired
8b1408d7,Linkerror event interval expired
8b1408d7,Linkerror event interval expired
8b1408d7,Linkerror event interval expired
8b1408d7,Linkerror event interval expired
8b1408d7,Linkerror event interval expired
8b1408d7,Linkerror event interval expired
8b1408d7,Linkerror event interval expired
8b1408d7,Linkerror event interval expired
8b1408d7,Linkerror event interval expired
8b1408d7,Linkerror event interval expired
8b1408d7,Linkerror event interval expired
8b1408d7,Linkerror event interval expired
8b1408d7,Linkerror event interval expired
8b1408d7,Linkerror event interval expired
8b1408d7,Linkerror event interval expired
8b1408d7,Linkerror event interval expired
8b1408d7,Linkerror event interval expired
8b1408d7,Linkerror event interval expired
8b1408d7,Linkerror event interval expired
8b1408d7,Linkerror event interval expired
8b1408d7,Linkerror event interval expired
8b1408d7,Linkerror event interval expired
8b1408d7,Linkerror event interval expired
8b1408d7,Linkerror event interval expired
8b1408d7,Linkerror event interval expired
8b1408d7,Linkerror event interval expired
8b1408d7,Linkerror event interval expired
8b1408d7,Linkerror event interval expired
8b1408d7,Linkerror event interval expired
8b1408d7,Linkerror event interval expired
8b1408d7,Linkerror event interval expired
8b1408d7,Linkerror event interval expired
8b1408d7,Linkerror event interval expired
8b1408d7,Linkerror event interval expired
8b1408d7,Linkerror event interval expired
8b1408d7,Linkerror event interval expired
8b1408d7,Linkerror event interval expired
8b1408d7,Linkerror event interval expired
8b1408d7,Linkerror event interval expired
8b1408d7,Linkerror event interval expired
8b1408d7,Linkerror event interval expired
8b1408d7,Linkerror event interval expired
8b1408d7,Linkerror event interval expired
8b1408d7,Linkerror event interval expired
8b1408d7,Linkerror event interval expired
8b1408d7,Linkerror event interval expired
8b1408d7,Linkerror event interval expired
8b1408d7,Linkerror event interval expired
8b1408d7,Linkerror event interval expired
8b1408d7,Linkerror event interval expired
8b1408d7,Linkerror event interval expired
8b1408d7,Linkerror event interval expired
8b1408d7,Linkerror event interval expired
8b1408d7,Linkerror event interval expired
8b1408d7,Linkerror event interval expired
8b1408d7,Linkerror event interval expired
8b1408d7,Linkerror event interval expired
8b1408d7,Linkerror event interval expired
8b1408d7,Linkerror event interval expired
8b1408d7,Linkerror event interval expired
8b1408d7,Linkerror event interval expired
8b1408d7,Linkerror event interval expired
8b1408d7,Linkerror event interval expired
8b1408d7,Linkerror event interval expired
8b1408d7,Linkerror event interval expired
8b1408d7,Linkerror event interval expired
8b1408d7,Linkerror event interval expired
8b1408d7,Linkerror event interval expired
8b1408d7,Linkerror event interval expired
8b1408d7,Linkerror event interval expired
8b1408d7,Linkerror event interval expired
8b1408d7,Linkerror event interval expired
8b1408d7,Linkerror event interval expired
8b1408d7,Linkerror event interval expired
8b1408d7,Linkerror event interval expired
8b1408d7,Linkerror event interval expired
8b1408d7,Linkerror event interval expired
8b1408d7,Linkerror event interval expired
8b1408d7,Linkerror event interval expired
8b1408d7,Linkerror event interval expired
8b1408d7,Linkerror event interval expired
8b1408d7,Linkerror event interval expired
8b1408d7,Linkerror event interval expired
8b1408d7,Linkerror event interval expired
8b1408d7,Linkerror event interval expired
8b1408d7,Linkerror event interval expired
8b1408d7,Linkerror event interval expired
8b1408d7,Linkerror event interval expired
8b1408d7,Linkerror event interval expired
8b1408d7,Linkerror event interval expired
8b1408d7,Linkerror event interval expired
8b1408d7,Linkerror event interval expired
8b1408d7,Linkerror event interval expired
8b1408d7,Linkerror event interval expired
8b1408d7,Linkerror event interval expired
8b1408d7,Linkerror event interval expired
8b1408d7,Linkerror event interval expired
8b1408d7,Linkerror event interval expired
8b1408d7,Linkerror event interval expired
8b1408d7,Linkerror event interval expired
8b1408d7,Linkerror event interval expired
8b1408d7,Linkerror event interval expired
8b1408d7,Linkerror event interval expired
8b1408d7,Linkerror event interval expired
8b1408d7,Linkerror event interval expired
8b1408d7,Linkerror event interval expired
8b1408d7,Linkerror event interval expired
8b1408d7,Linkerror event interval expired
70e057e1,Failed subcommands 3406
8b1408d7,Linkerror event interval expired
8b1408d7,Linkerror event interval expired
8b1408d7,Linkerror event interval expired
8b1408d7,Linkerror event interval expired
8b1408d7,Linkerror event interval expired
8b1408d7,Linkerror event interval expired
8b1408d7,Linkerror event interval expired
8b1408d7,Linkerror event interval expired
8b1408d7,Linkerror event interval expired
8b1408d7,Linkerror event interval expired
8b1408d7,Linkerror event interval expired
8b1408d7,Linkerror event interval expired
e3f07f8f,link errors remain current
e3f07f8f,link errors remain current
e3f07f8f,link errors remain current
e3f07f8f,link errors remain current
e3f07f8f,link errors remain current
e3f07f8f,link errors remain current
e3f07f8f,link errors remain current
e3f07f8f,link errors remain current
e3f07f8f,link errors remain current
e3f07f8f,link errors remain current
e3f07f8f,link errors remain current
e3f07f8f,link errors remain current
e3f07f8f,link errors remain current
e3f07f8f,link errors remain current
e3f07f8f,link errors remain current
e3f07f8f,link errors remain current
e3f07f8f,link errors remain current
e3f07f8f,link errors remain current
e3f07f8f,link errors remain current
e3f07f8f,link errors remain current
e3f07f8f,link errors remain current
e3f07f8f,link errors remain current
e3f07f8f,link errors remain current
e3f07f8f,link errors remain current
e3f07f8f,link errors remain current
e3f07f8f,link errors remain current
e3f07f8f,link errors remain current
e3f07f8f,link errors remain current
e3f07f8f,link errors remain current
e3f07f8f,link errors remain current
e3f07f8f,link errors remain current
e3f07f8f,link errors remain current
e3f07f8f,link errors remain current
e3f07f8f,link errors remain current
e3f07f8f,link errors remain current
e3f07f8f,link errors remain current
e3f07f8f,link errors remain current
e3f07f8f,link errors remain current
e3f07f8f,link errors remain current
e3f07f8f,link errors remain current
e3f07f8f,link errors remain current
e3f07f8f,link errors remain current
e3f07f8f,link errors remain current
e3f07f8f,link errors remain current
e3f07f8f,link errors remain current
e3f07f8f,link errors remain current
e3f07f8f,link errors remain current
e3f07f8f,link errors remain current
e3f07f8f,link errors remain current
e3f07f8f,link errors remain current
e3f07f8f,link errors remain current
e3f07f8f,link errors remain current
e3f07f8f,link errors remain current
e3f07f8f,link errors remain current
e3f07f8f,link errors remain current
e3f07f8f,link errors remain current
e1184f09,NIFF: node <*> has detected an available network connection on network <*> via interface <*>
e1184f09,NIFF: node <*> has detected an available network connection on network <*> via interface <*>
e1184f09,NIFF: node <*> has detected an available network connection on network <*> via interface <*>
e1184f09,NIFF: node <*> has detected an available network connection on network <*> via interface <*>
e1184f09,NIFF: node <*> has detected an available network connection on network <*> via interface <*>
e1184f09,NIFF: node <*> has detected an available network connection on network <*> via interface <*>
e1184f09,NIFF: node <*> has detected an available network connection on network <*> via interface <*>
e1184f09,NIFF: node <*> has detected an available network connection on network <*> via interface <*>
e1184f09,NIFF: node <*> has detected an available network connection on network <*> via interface <*>
e1184f09,NIFF: node <*> has detected an available network connection on network <*> via interface <*>
e1184f09,NIFF: node <*> has detected an available network connection on network <*> via interface <*>
e1184f09,NIFF: node <*> has detected an available network connection on network <*> via interface <*>
e1184f09,NIFF: node <*> has detected an available network connection on network <*> via interface <*>
e1184f09,NIFF: node <*> has detected an available network connection on network <*> via interface <*>
e1184f09,NIFF: node <*> has detected an available network connection on network <*> via interface <*>
e1184f09,NIFF: node <*> has detected an available network connection on network <*> via interface <*>
e1184f09,NIFF: node <*> has detected an available network connection on network <*> via interface <*>
e1184f09,NIFF: node <*> has detected an available network connection on network <*> via interface <*>
e1184f09,NIFF: node <*> has detected an available network connection on network <*> via interface <*>
e1184f09,NIFF: node <*> has detected an available network connection on network <*> via interface <*>
e1184f09,NIFF: node <*> has detected an available network connection on network <*> via interface <*>
e1184f09,NIFF: node <*> has detected an available network connection on network <*> via interface <*>
e1184f09,NIFF: node <*> has detected an available network connection on network <*> via interface <*>
e1184f09,NIFF: node <*> has detected an available network connection on network <*> via interface <*>
e1184f09,NIFF: node <*> has detected an available network connection on network <*> via interface <*>
e1184f09,NIFF: node <*> has detected an available network connection on network <*> via interface <*>
e1184f09,NIFF: node <*> has detected an available network connection on network <*> via interface <*>
e1184f09,NIFF: node <*> has detected an available network connection on network <*> via interface <*>
e1184f09,NIFF: node <*> has detected an available network connection on network <*> via interface <*>
e1184f09,NIFF: node <*> has detected an available network connection on network <*> via interface <*>
e1184f09,NIFF: node <*> has detected an available network connection on network <*> via interface <*>
e1184f09,NIFF: node <*> has detected an available network connection on network <*> via interface <*>
e1184f09,NIFF: node <*> has detected an available network connection on network <*> via interface <*>
e1184f09,NIFF: node <*> has detected an available network connection on network <*> via interface <*>
e1184f09,NIFF: node <*> has detected an available network connection on network <*> via interface <*>
e1184f09,NIFF: node <*> has detected an available network connection on network <*> via interface <*>
e1184f09,NIFF: node <*> has detected an available network connection on network <*> via interface <*>
e1184f09,NIFF: node <*> has detected an available network connection on network <*> via interface <*>
e1184f09,NIFF: node <*> has detected an available network connection on network <*> via interface <*>
e1184f09,NIFF: node <*> has detected an available network connection on network <*> via interface <*>
e1184f09,NIFF: node <*> has detected an available network connection on network <*> via interface <*>
e1184f09,NIFF: node <*> has detected an available network connection on network <*> via interface <*>
e1184f09,NIFF: node <*> has detected an available network connection on network <*> via interface <*>
e1184f09,NIFF: node <*> has detected an available network connection on network <*> via interface <*>
e1184f09,NIFF: node <*> has detected an available network connection on network <*> via interface <*>
e1184f09,NIFF: node <*> has detected an available network connection on network <*> via interface <*>
e1184f09,NIFF: node <*> has detected an available network connection on network <*> via interface <*>
e1184f09,NIFF: node <*> has detected an available network connection on network <*> via interface <*>
e1184f09,NIFF: node <*> has detected an available network connection on network <*> via interface <*>
e1184f09,NIFF: node <*> has detected an available network connection on network <*> via interface <*>
e1184f09,NIFF: node <*> has detected an available network connection on network <*> via interface <*>
e1184f09,NIFF: node <*> has detected an available network connection on network <*> via interface <*>
e1184f09,NIFF: node <*> has detected an available network connection on network <*> via interface <*>
e1184f09,NIFF: node <*> has detected an available network connection on network <*> via interface <*>
e1184f09,NIFF: node <*> has detected an available network connection on network <*> via interface <*>
e1184f09,NIFF: node <*> has detected an available network connection on network <*> via interface <*>
e1184f09,NIFF: node <*> has detected an available network connection on network <*> via interface <*>
e1184f09,NIFF: node <*> has detected an available network connection on network <*> via interface <*>
e1184f09,NIFF: node <*> has detected an available network connection on network <*> via interface <*>
e1184f09,NIFF: node <*> has detected an available network connection on network <*> via interface <*>
e1184f09,NIFF: node <*> has detected an available network connection on network <*> via interface <*>
e1184f09,NIFF: node <*> has detected an available network connection on network <*> via interface <*>
e1184f09,NIFF: node <*> has detected an available network connection on network <*> via interface <*>
e1184f09,NIFF: node <*> has detected an available network connection on network <*> via interface <*>
e1184f09,NIFF: node <*> has detected an available network connection on network <*> via interface <*>
e1184f09,NIFF: node <*> has detected an available network connection on network <*> via interface <*>
e1184f09,NIFF: node <*> has detected an available network connection on network <*> via interface <*>
e1184f09,NIFF: node <*> has detected an available network connection on network <*> via interface <*>
e1184f09,NIFF: node <*> has detected an available network connection on network <*> via interface <*>
e1184f09,NIFF: node <*> has detected an available network connection on network <*> via interface <*>
e1184f09,NIFF: node <*> has detected an available network connection on network <*> via interface <*>
e1184f09,NIFF: node <*> has detected an available network connection on network <*> via interface <*>
e1184f09,NIFF: node <*> has detected an available network connection on network <*> via interface <*>
e1184f09,NIFF: node <*> has detected an available network connection on network <*> via interface <*>
e1184f09,NIFF: node <*> has detected an available network connection on network <*> via interface <*>
e1184f09,NIFF: node <*> has detected an available network connection on network <*> via interface <*>
e1184f09,NIFF: node <*> has detected an available network connection on network <*> via interface <*>
e1184f09,NIFF: node <*> has detected an available network connection on network <*> via interface <*>
e1184f09,NIFF: node <*> has detected an available network connection on network <*> via interface <*>
e1184f09,NIFF: node <*> has detected an available network connection on network <*> via interface <*>
e1184f09,NIFF: node <*> has detected an available network connection on network <*> via interface <*>
e1184f09,NIFF: node <*> has detected an available network connection on network <*> via interface <*>
e1184f09,NIFF: node <*> has detected an available network connection on network <*> via interface <*>
e1184f09,NIFF: node <*> has detected an available network connection on network <*> via interface <*>
e1184f09,NIFF: node <*> has detected an available network connection on network <*> via interface <*>
e1184f09,NIFF: node <*> has detected an available network connection on network <*> via interface <*>
e1184f09,NIFF: node <*> has detected an available network connection on network <*> via interface <*>
e1184f09,NIFF: node <*> has detected an available network connection on network <*> via interface <*>
e1184f09,NIFF: node <*> has detected an available network connection on network <*> via interface <*>
e1184f09,NIFF: node <*> has detected an available network connection on network <*> via interface <*>
e1184f09,NIFF: node <*> has detected an available network connection on network <*> via interface <*>
